{"cameraMode":{"drawMode":0,"name":"Shaded","section":"Shading Mode"},"sceneLighting":true,"audioPlay":false,"sceneViewState":{"m_AlwaysRefresh":false,"showFog":true,"showSkybox":true,"showFlares":true,"showImageEffects":true,"showParticleSystems":true,"showVisualEffectGraphs":true,"m_FxEnabled":true},"in2DMode":false,"pivot":{"x":-4.0255045890808109,"y":-115.9061050415039,"z":35.82670974731445},"rotation":{"x":-0.5961896777153015,"y":-0.007601655554026365,"z":0.005374809727072716,"w":-0.8028902411460877},"size":65.22041320800781,"orthographic":false}